id,properties,parameters,base,baseValue,real,estimate,normalize
0,Magnitude,VibrationDuration,300,10,180,12.5,1.0638297872340425
0,Magnitude,VibrationDuration,300,10,240,12.0,1.0212765957446808
0,Magnitude,VibrationDuration,300,10,300,10.5,0.8936170212765957
0,Magnitude,VibrationDuration,300,10,360,12.0,1.0212765957446808
0,Magnitude,VibrationPattern,100,10,200,14.0,0.875
0,Magnitude,VibrationPattern,100,10,100,16.5,1.03125
0,Magnitude,VibrationPattern,100,10,150,16.5,1.03125
0,Magnitude,VibrationPattern,100,10,50,17.0,1.0625
0,Size,VibrationDuration,300,10,180,8.0,0.8648648648648649
0,Size,VibrationDuration,300,10,240,9.0,0.972972972972973
0,Size,VibrationDuration,300,10,300,10.0,1.0810810810810811
0,Size,VibrationDuration,300,10,360,10.0,1.0810810810810811
0,Size,VibrationIntensity,1.2,10,0.6,6.5,0.65
0,Size,VibrationIntensity,1.2,10,0.9,9.0,0.9
0,Size,VibrationIntensity,1.2,10,1.2,11.5,1.15
0,Size,VibrationIntensity,1.2,10,1.5,13.0,1.3
0,Size,VibrationPattern,100,10,200,9.0,0.7346938775510204
0,Size,VibrationPattern,100,10,100,12.5,1.0204081632653061
0,Size,VibrationPattern,100,10,150,12.5,1.0204081632653061
0,Size,VibrationPattern,100,10,50,15.0,1.2244897959183674
0,Stiffness,VibrationDuration,300,10,180,14.5,1.2473118279569892
0,Stiffness,VibrationDuration,300,10,240,12.5,1.075268817204301
0,Stiffness,VibrationDuration,300,10,300,10.0,0.8602150537634409
0,Stiffness,VibrationDuration,300,10,360,9.5,0.8172043010752689
0,Stiffness,VibrationIntensity,1.2,10,0.6,6.5,0.6265060240963856
0,Stiffness,VibrationIntensity,1.2,10,0.9,8.5,0.8192771084337349
0,Stiffness,VibrationIntensity,1.2,10,1.2,13.0,1.2530120481927711
0,Stiffness,VibrationIntensity,1.2,10,1.5,13.5,1.3012048192771084
0,Stiffness,VibrationPattern,100,10,200,11.0,0.9777777777777777
0,Stiffness,VibrationPattern,100,10,100,10.0,0.8888888888888888
0,Stiffness,VibrationPattern,100,10,150,11.0,0.9777777777777777
0,Stiffness,VibrationPattern,100,10,50,13.0,1.1555555555555554
0,Speed,VibrationDuration,300,10,180,7.0,0.7466666666666667
0,Speed,VibrationDuration,300,10,240,9.5,1.0133333333333334
0,Speed,VibrationDuration,300,10,300,10.5,1.12
0,Speed,VibrationDuration,300,10,360,10.5,1.12
0,Speed,VibrationIntensity,1.2,10,0.6,7.0,0.7272727272727273
0,Speed,VibrationIntensity,1.2,10,0.9,9.0,0.935064935064935
0,Speed,VibrationIntensity,1.2,10,1.2,10.0,1.0389610389610389
0,Speed,VibrationIntensity,1.2,10,1.5,12.5,1.2987012987012987
0,Speed,VibrationPattern,100,10,200,9.5,0.7238095238095238
0,Speed,VibrationPattern,100,10,100,14.0,1.0666666666666667
0,Speed,VibrationPattern,100,10,150,14.0,1.0666666666666667
0,Speed,VibrationPattern,100,10,50,15.0,1.1428571428571428
0,Weight,VibrationDuration,300,10,180,6.5,0.7761194029850746
0,Weight,VibrationDuration,300,10,240,6.5,0.7761194029850746
0,Weight,VibrationDuration,300,10,300,10.0,1.1940298507462686
0,Weight,VibrationDuration,300,10,360,10.5,1.2537313432835822
0,Weight,VibrationIntensity,1.2,10,0.6,6.5,0.6842105263157895
0,Weight,VibrationIntensity,1.2,10,0.9,8.5,0.8947368421052632
0,Weight,VibrationIntensity,1.2,10,1.2,10.5,1.105263157894737
0,Weight,VibrationIntensity,1.2,10,1.5,12.5,1.3157894736842106
0,Weight,VibrationPattern,100,10,200,9.0,0.9230769230769231
0,Weight,VibrationPattern,100,10,100,9.5,0.9743589743589743
0,Weight,VibrationPattern,100,10,150,9.5,0.9743589743589743
0,Weight,VibrationPattern,100,10,50,11.0,1.1282051282051282
10,Magnitude,VibrationDuration,300,10,180,5.0,0.547945205479452
10,Magnitude,VibrationDuration,300,10,240,10.5,1.1506849315068493
10,Magnitude,VibrationDuration,300,10,300,10.0,1.095890410958904
10,Magnitude,VibrationDuration,300,10,360,11.0,1.2054794520547945
10,Magnitude,VibrationIntensity,1.2,10,0.6,7.5,0.7228915662650602
10,Magnitude,VibrationIntensity,1.2,10,0.9,9.5,0.9156626506024096
10,Magnitude,VibrationIntensity,1.2,10,1.2,10.5,1.0120481927710843
10,Magnitude,VibrationIntensity,1.2,10,1.5,14.0,1.3493975903614457
10,Magnitude,VibrationPattern,100,10,200,6.5,0.6842105263157895
10,Magnitude,VibrationPattern,100,10,100,11.5,1.2105263157894737
10,Magnitude,VibrationPattern,100,10,150,9.5,1.0
10,Magnitude,VibrationPattern,100,10,50,10.5,1.105263157894737
10,Size,VibrationDuration,300,10,180,6.0,0.6075949367088608
10,Size,VibrationDuration,300,10,240,9.0,0.9113924050632911
10,Size,VibrationDuration,300,10,300,11.5,1.1645569620253164
10,Size,VibrationDuration,300,10,360,13.0,1.3164556962025316
10,Size,VibrationIntensity,1.2,10,0.6,6.0,0.5925925925925926
10,Size,VibrationIntensity,1.2,10,0.9,9.5,0.9382716049382716
10,Size,VibrationIntensity,1.2,10,1.2,11.5,1.1358024691358024
10,Size,VibrationIntensity,1.2,10,1.5,13.5,1.3333333333333333
10,Size,VibrationPattern,100,10,200,6.0,0.5714285714285714
10,Size,VibrationPattern,100,10,100,11.5,1.0952380952380953
10,Size,VibrationPattern,100,10,150,12.0,1.1428571428571428
10,Size,VibrationPattern,100,10,50,12.5,1.1904761904761905
10,Stiffness,VibrationDuration,300,10,180,5.5,0.6197183098591549
10,Stiffness,VibrationDuration,300,10,240,8.5,0.9577464788732394
10,Stiffness,VibrationDuration,300,10,300,10.5,1.1830985915492958
10,Stiffness,VibrationDuration,300,10,360,11.0,1.2394366197183098
10,Stiffness,VibrationIntensity,1.2,10,0.6,6.0,0.5783132530120482
10,Stiffness,VibrationIntensity,1.2,10,0.9,9.0,0.8674698795180723
10,Stiffness,VibrationIntensity,1.2,10,1.2,11.5,1.108433734939759
10,Stiffness,VibrationIntensity,1.2,10,1.5,15.0,1.4457831325301205
10,Stiffness,VibrationPattern,100,10,200,5.5,0.5569620253164557
10,Stiffness,VibrationPattern,100,10,100,11.0,1.1139240506329113
10,Stiffness,VibrationPattern,100,10,150,11.0,1.1139240506329113
10,Stiffness,VibrationPattern,100,10,50,12.0,1.2151898734177216
10,Speed,VibrationDuration,300,10,180,5.0,0.5405405405405406
10,Speed,VibrationDuration,300,10,240,8.5,0.918918918918919
10,Speed,VibrationDuration,300,10,300,11.0,1.1891891891891893
10,Speed,VibrationDuration,300,10,360,12.5,1.3513513513513513
10,Speed,VibrationIntensity,1.2,10,0.6,6.0,0.5925925925925926
10,Speed,VibrationIntensity,1.2,10,0.9,9.5,0.9382716049382716
10,Speed,VibrationIntensity,1.2,10,1.2,10.0,0.9876543209876543
10,Speed,VibrationIntensity,1.2,10,1.5,15.0,1.4814814814814814
10,Speed,VibrationPattern,100,10,200,10.0,0.8602150537634409
10,Speed,VibrationPattern,100,10,100,14.0,1.2043010752688172
10,Speed,VibrationPattern,100,10,150,10.0,0.8602150537634409
10,Speed,VibrationPattern,100,10,50,12.5,1.075268817204301
10,Weight,VibrationDuration,300,10,180,5.5,0.5714285714285714
10,Weight,VibrationDuration,300,10,240,7.5,0.7792207792207793
10,Weight,VibrationDuration,300,10,300,11.5,1.1948051948051948
10,Weight,VibrationDuration,300,10,360,14.0,1.4545454545454546
10,Weight,VibrationIntensity,1.2,10,0.6,7.0,0.6588235294117647
10,Weight,VibrationIntensity,1.2,10,0.9,9.5,0.8941176470588236
10,Weight,VibrationIntensity,1.2,10,1.2,12.0,1.1294117647058823
10,Weight,VibrationIntensity,1.2,10,1.5,14.0,1.3176470588235294
10,Weight,VibrationPattern,100,10,200,6.5,0.6666666666666666
10,Weight,VibrationPattern,100,10,100,11.5,1.1794871794871795
10,Weight,VibrationPattern,100,10,150,11.5,1.1794871794871795
10,Weight,VibrationPattern,100,10,50,9.5,0.9743589743589743
11,Magnitude,VibrationDuration,300,1,180,0.7,0.7671232876712328
11,Magnitude,VibrationDuration,300,1,240,0.8,0.8767123287671234
11,Magnitude,VibrationDuration,300,1,300,1.0,1.095890410958904
11,Magnitude,VibrationDuration,300,1,360,1.15,1.2602739726027397
11,Magnitude,VibrationIntensity,1.2,1,0.6,0.6,0.6956521739130435
11,Magnitude,VibrationIntensity,1.2,1,0.9,0.9,1.0434782608695652
11,Magnitude,VibrationIntensity,1.2,1,1.2,1.0,1.1594202898550725
11,Magnitude,VibrationIntensity,1.2,1,1.5,0.95,1.1014492753623186
11,Magnitude,VibrationPattern,100,1,200,0.9,0.9600000000000001
11,Magnitude,VibrationPattern,100,1,100,0.95,1.0133333333333332
11,Magnitude,VibrationPattern,100,1,150,1.0,1.0666666666666667
11,Magnitude,VibrationPattern,100,1,50,0.9,0.9600000000000001
11,Size,VibrationDuration,300,1,180,0.65,0.8387096774193549
11,Size,VibrationDuration,300,1,240,0.7,0.9032258064516128
11,Size,VibrationDuration,300,1,300,1.0,1.2903225806451613
11,Size,VibrationDuration,300,1,360,0.75,0.9677419354838709
11,Size,VibrationIntensity,1.2,1,0.6,0.4,0.4705882352941177
11,Size,VibrationIntensity,1.2,1,0.9,0.9,1.0588235294117647
11,Size,VibrationIntensity,1.2,1,1.2,1.0,1.1764705882352942
11,Size,VibrationIntensity,1.2,1,1.5,1.1,1.2941176470588236
11,Size,VibrationPattern,100,1,200,0.9,0.888888888888889
11,Size,VibrationPattern,100,1,100,1.0,0.9876543209876544
11,Size,VibrationPattern,100,1,150,1.0,0.9876543209876544
11,Size,VibrationPattern,100,1,50,1.15,1.1358024691358024
11,Stiffness,VibrationDuration,300,1,180,0.8,0.7619047619047619
11,Stiffness,VibrationDuration,300,1,240,1.05,1.0
11,Stiffness,VibrationDuration,300,1,300,1.15,1.0952380952380951
11,Stiffness,VibrationDuration,300,1,360,1.2,1.1428571428571428
11,Stiffness,VibrationIntensity,1.2,1,0.6,0.7,0.7368421052631579
11,Stiffness,VibrationIntensity,1.2,1,0.9,0.9,0.9473684210526316
11,Stiffness,VibrationIntensity,1.2,1,1.2,1.0,1.0526315789473684
11,Stiffness,VibrationIntensity,1.2,1,1.5,1.2,1.263157894736842
11,Stiffness,VibrationPattern,100,1,200,0.95,0.9382716049382716
11,Stiffness,VibrationPattern,100,1,100,1.0,0.9876543209876544
11,Stiffness,VibrationPattern,100,1,150,0.9,0.888888888888889
11,Stiffness,VibrationPattern,100,1,50,1.2,1.1851851851851851
11,Speed,VibrationDuration,300,1,180,1.05,0.9438202247191011
11,Speed,VibrationDuration,300,1,240,1.25,1.1235955056179774
11,Speed,VibrationDuration,300,1,300,1.1,0.9887640449438203
11,Speed,VibrationDuration,300,1,360,1.05,0.9438202247191011
11,Speed,VibrationIntensity,1.2,1,0.6,0.5,0.547945205479452
11,Speed,VibrationIntensity,1.2,1,0.9,1.0,1.095890410958904
11,Speed,VibrationIntensity,1.2,1,1.2,1.0,1.095890410958904
11,Speed,VibrationIntensity,1.2,1,1.5,1.15,1.2602739726027397
11,Speed,VibrationPattern,100,1,200,0.75,0.7894736842105263
11,Speed,VibrationPattern,100,1,100,1.0,1.0526315789473684
11,Speed,VibrationPattern,100,1,150,1.05,1.105263157894737
11,Speed,VibrationPattern,100,1,50,1.0,1.0526315789473684
11,Weight,VibrationDuration,300,1,180,0.55,0.6470588235294118
11,Weight,VibrationDuration,300,1,240,0.75,0.8823529411764706
11,Weight,VibrationDuration,300,1,300,1.0,1.1764705882352942
11,Weight,VibrationDuration,300,1,360,1.1,1.2941176470588236
11,Weight,VibrationIntensity,1.2,1,0.6,0.5,0.5882352941176471
11,Weight,VibrationIntensity,1.2,1,0.9,0.9,1.0588235294117647
11,Weight,VibrationIntensity,1.2,1,1.2,1.0,1.1764705882352942
11,Weight,VibrationIntensity,1.2,1,1.5,1.0,1.1764705882352942
11,Weight,VibrationPattern,100,1,200,0.9,1.0000000000000002
11,Weight,VibrationPattern,100,1,100,1.0,1.1111111111111112
11,Weight,VibrationPattern,100,1,150,0.9,1.0000000000000002
11,Weight,VibrationPattern,100,1,50,0.8,0.8888888888888891
1,Magnitude,VibrationDuration,300,10,180,9.0,0.9266409266409266
1,Magnitude,VibrationDuration,300,10,240,9.85,1.014157014157014
1,Magnitude,VibrationDuration,300,10,300,10.0,1.0296010296010296
1,Magnitude,VibrationDuration,300,10,360,10.0,1.0296010296010296
1,Magnitude,VibrationIntensity,1.2,10,0.6,4.4,0.5269461077844312
1,Magnitude,VibrationIntensity,1.2,10,0.9,8.25,0.9880239520958084
1,Magnitude,VibrationIntensity,1.2,10,1.2,10.0,1.1976047904191618
1,Magnitude,VibrationIntensity,1.2,10,1.5,10.75,1.2874251497005988
1,Magnitude,VibrationPattern,100,10,200,9.5,1.0133333333333334
1,Magnitude,VibrationPattern,100,10,100,8.5,0.9066666666666666
1,Magnitude,VibrationPattern,100,10,150,9.5,1.0133333333333334
1,Magnitude,VibrationPattern,100,10,50,10.0,1.0666666666666667
1,Size,VibrationDuration,300,10,180,7.25,0.7859078590785908
1,Size,VibrationDuration,300,10,240,9.25,1.0027100271002711
1,Size,VibrationDuration,300,10,300,10.0,1.0840108401084012
1,Size,VibrationDuration,300,10,360,10.4,1.1273712737127373
1,Size,VibrationIntensity,1.2,10,0.6,5.0,0.6015037593984962
1,Size,VibrationIntensity,1.2,10,0.9,7.75,0.9323308270676691
1,Size,VibrationIntensity,1.2,10,1.2,10.0,1.2030075187969924
1,Size,VibrationIntensity,1.2,10,1.5,10.5,1.263157894736842
1,Size,VibrationPattern,100,10,200,10.0,1.0
1,Size,VibrationPattern,100,10,100,9.5,0.95
1,Size,VibrationPattern,100,10,150,9.5,0.95
1,Size,VibrationPattern,100,10,50,11.0,1.1
1,Stiffness,VibrationDuration,300,10,180,11.0,1.0731707317073171
1,Stiffness,VibrationDuration,300,10,240,10.5,1.024390243902439
1,Stiffness,VibrationDuration,300,10,300,10.0,0.975609756097561
1,Stiffness,VibrationDuration,300,10,360,9.5,0.926829268292683
1,Stiffness,VibrationIntensity,1.2,10,0.6,6.5,0.7272727272727273
1,Stiffness,VibrationIntensity,1.2,10,0.9,8.5,0.951048951048951
1,Stiffness,VibrationIntensity,1.2,10,1.2,10.0,1.118881118881119
1,Stiffness,VibrationIntensity,1.2,10,1.5,10.75,1.2027972027972027
1,Stiffness,VibrationPattern,100,10,200,10.5,1.0059880239520957
1,Stiffness,VibrationPattern,100,10,100,10.0,0.9580838323353293
1,Stiffness,VibrationPattern,100,10,150,11.0,1.0538922155688624
1,Stiffness,VibrationPattern,100,10,50,10.25,0.9820359281437125
1,Speed,VibrationDuration,300,10,180,7.0,0.8
1,Speed,VibrationDuration,300,10,240,8.0,0.9142857142857143
1,Speed,VibrationDuration,300,10,300,10.0,1.1428571428571428
1,Speed,VibrationDuration,300,10,360,10.0,1.1428571428571428
1,Speed,VibrationIntensity,1.2,10,0.6,5.0,0.6106870229007634
1,Speed,VibrationIntensity,1.2,10,0.9,6.25,0.7633587786259542
1,Speed,VibrationIntensity,1.2,10,1.2,10.0,1.2213740458015268
1,Speed,VibrationIntensity,1.2,10,1.5,11.5,1.4045801526717556
1,Speed,VibrationPattern,100,10,200,10.0,1.0126582278481013
1,Speed,VibrationPattern,100,10,100,9.5,0.9620253164556962
1,Speed,VibrationPattern,100,10,150,9.5,0.9620253164556962
1,Speed,VibrationPattern,100,10,50,10.5,1.0632911392405062
1,Weight,VibrationDuration,300,10,180,7.5,0.8108108108108109
1,Weight,VibrationDuration,300,10,240,9.5,1.027027027027027
1,Weight,VibrationDuration,300,10,300,10.0,1.0810810810810811
1,Weight,VibrationDuration,300,10,360,10.0,1.0810810810810811
1,Weight,VibrationIntensity,1.2,10,0.6,4.75,0.5671641791044776
1,Weight,VibrationIntensity,1.2,10,0.9,7.25,0.8656716417910447
1,Weight,VibrationIntensity,1.2,10,1.2,10.5,1.2537313432835822
1,Weight,VibrationIntensity,1.2,10,1.5,11.0,1.3134328358208955
1,Weight,VibrationPattern,100,10,200,10.0,0.975609756097561
1,Weight,VibrationPattern,100,10,100,10.9,1.0634146341463415
1,Weight,VibrationPattern,100,10,150,10.0,0.975609756097561
1,Weight,VibrationPattern,100,10,50,10.1,0.9853658536585366
2,Magnitude,VibrationDuration,300,2,180,1.8,0.9473684210526316
2,Magnitude,VibrationDuration,300,2,240,1.9,1.0
2,Magnitude,VibrationDuration,300,2,300,1.9,1.0
2,Magnitude,VibrationDuration,300,2,360,2.0,1.0526315789473684
2,Magnitude,VibrationIntensity,1.2,100,0.6,35.0,0.417910447761194
2,Magnitude,VibrationIntensity,1.2,100,0.9,65.0,0.7761194029850746
2,Magnitude,VibrationIntensity,1.2,100,1.2,110.0,1.3134328358208955
2,Magnitude,VibrationIntensity,1.2,100,1.5,125.0,1.492537313432836
2,Magnitude,VibrationPattern,100,100,200,97.5,1.0
2,Magnitude,VibrationPattern,100,100,100,100.0,1.0256410256410255
2,Magnitude,VibrationPattern,100,100,150,92.5,0.9487179487179487
2,Magnitude,VibrationPattern,100,100,50,100.0,1.0256410256410255
2,Size,VibrationDuration,300,100,180,90.0,0.935064935064935
2,Size,VibrationDuration,300,100,240,90.0,0.935064935064935
2,Size,VibrationDuration,300,100,300,100.0,1.0389610389610389
2,Size,VibrationDuration,300,100,360,105.0,1.0909090909090908
2,Size,VibrationIntensity,1.2,100,0.6,35.0,0.4375
2,Size,VibrationIntensity,1.2,100,0.9,70.0,0.875
2,Size,VibrationIntensity,1.2,100,1.2,100.0,1.25
2,Size,VibrationIntensity,1.2,100,1.5,115.0,1.4375
2,Size,VibrationPattern,100,100,200,95.0,0.9595959595959596
2,Size,VibrationPattern,100,100,100,100.0,1.0101010101010102
2,Size,VibrationPattern,100,100,150,100.0,1.0101010101010102
2,Size,VibrationPattern,100,100,50,101.0,1.02020202020202
2,Stiffness,VibrationDuration,300,100,180,103.5,1.0388958594730238
2,Stiffness,VibrationDuration,300,100,240,95.0,0.9535759096612296
2,Stiffness,VibrationDuration,300,100,300,100.0,1.0037641154328734
2,Stiffness,VibrationDuration,300,100,360,100.0,1.0037641154328734
2,Stiffness,VibrationIntensity,1.2,100,0.6,30.0,0.41025641025641024
2,Stiffness,VibrationIntensity,1.2,100,0.9,52.5,0.717948717948718
2,Stiffness,VibrationIntensity,1.2,100,1.2,100.0,1.3675213675213675
2,Stiffness,VibrationIntensity,1.2,100,1.5,110.0,1.5042735042735043
2,Stiffness,VibrationPattern,100,100,200,99.0,0.9987389659520807
2,Stiffness,VibrationPattern,100,100,100,99.5,1.003783102143758
2,Stiffness,VibrationPattern,100,100,150,97.5,0.9836065573770492
2,Stiffness,VibrationPattern,100,100,50,100.5,1.0138713745271122
2,Speed,VibrationDuration,300,100,180,85.0,0.9315068493150684
2,Speed,VibrationDuration,300,100,240,85.0,0.9315068493150684
2,Speed,VibrationDuration,300,100,300,95.0,1.0410958904109588
2,Speed,VibrationDuration,300,100,360,100.0,1.095890410958904
2,Speed,VibrationIntensity,1.2,100,0.6,40.0,0.49230769230769234
2,Speed,VibrationIntensity,1.2,100,0.9,75.0,0.9230769230769231
2,Speed,VibrationIntensity,1.2,100,1.2,105.0,1.2923076923076924
2,Speed,VibrationIntensity,1.2,100,1.5,105.0,1.2923076923076924
2,Speed,VibrationPattern,100,100,200,97.0,0.9773299748110831
2,Speed,VibrationPattern,100,100,100,100.0,1.0075566750629723
2,Speed,VibrationPattern,100,100,150,99.5,1.0025188916876575
2,Speed,VibrationPattern,100,100,50,100.5,1.012594458438287
2,Weight,VibrationDuration,300,100,180,75.0,0.8275862068965517
2,Weight,VibrationDuration,300,100,240,85.0,0.9379310344827586
2,Weight,VibrationDuration,300,100,300,100.0,1.103448275862069
2,Weight,VibrationDuration,300,100,360,102.5,1.1310344827586207
2,Weight,VibrationIntensity,1.2,100,0.6,40.0,0.5517241379310345
2,Weight,VibrationIntensity,1.2,100,0.9,50.0,0.6896551724137931
2,Weight,VibrationIntensity,1.2,100,1.2,95.0,1.3103448275862069
2,Weight,VibrationIntensity,1.2,100,1.5,105.0,1.4482758620689655
2,Weight,VibrationPattern,100,100,200,98.5,0.9949494949494949
2,Weight,VibrationPattern,100,100,100,100.0,1.0101010101010102
2,Weight,VibrationPattern,100,100,150,97.5,0.9848484848484849
2,Weight,VibrationPattern,100,100,50,100.0,1.0101010101010102
3,Magnitude,VibrationDuration,300,10,180,4.5,0.5625
3,Magnitude,VibrationDuration,300,10,240,5.5,0.6875
3,Magnitude,VibrationDuration,300,10,300,10.5,1.3125
3,Magnitude,VibrationDuration,300,10,360,11.5,1.4375
3,Magnitude,VibrationIntensity,1.2,10,0.6,5.0,0.5882352941176471
3,Magnitude,VibrationIntensity,1.2,10,0.9,4.5,0.5294117647058824
3,Magnitude,VibrationIntensity,1.2,10,1.2,11.0,1.2941176470588236
3,Magnitude,VibrationIntensity,1.2,10,1.5,13.5,1.588235294117647
3,Magnitude,VibrationPattern,100,10,200,9.5,1.0133333333333334
3,Magnitude,VibrationPattern,100,10,100,8.0,0.8533333333333334
3,Magnitude,VibrationPattern,100,10,150,9.0,0.96
3,Magnitude,VibrationPattern,100,10,50,11.0,1.1733333333333333
3,Size,VibrationDuration,300,10,180,3.0,0.4067796610169492
3,Size,VibrationDuration,300,10,240,4.5,0.6101694915254238
3,Size,VibrationDuration,300,10,300,10.0,1.3559322033898304
3,Size,VibrationDuration,300,10,360,12.0,1.6271186440677967
3,Size,VibrationIntensity,1.2,10,0.6,3.5,0.417910447761194
3,Size,VibrationIntensity,1.2,10,0.9,7.5,0.8955223880597015
3,Size,VibrationIntensity,1.2,10,1.2,10.0,1.1940298507462686
3,Size,VibrationIntensity,1.2,10,1.5,12.5,1.492537313432836
3,Size,VibrationPattern,100,10,200,8.5,0.7391304347826086
3,Size,VibrationPattern,100,10,100,12.5,1.0869565217391304
3,Size,VibrationPattern,100,10,150,12.0,1.0434782608695652
3,Size,VibrationPattern,100,10,50,13.0,1.1304347826086956
3,Stiffness,VibrationDuration,300,10,180,3.5,0.4307692307692308
3,Stiffness,VibrationDuration,300,10,240,5.5,0.676923076923077
3,Stiffness,VibrationDuration,300,10,300,9.0,1.1076923076923078
3,Stiffness,VibrationDuration,300,10,360,14.5,1.7846153846153847
3,Stiffness,VibrationIntensity,1.2,10,0.6,3.0,0.39344262295081966
3,Stiffness,VibrationIntensity,1.2,10,0.9,5.5,0.7213114754098361
3,Stiffness,VibrationIntensity,1.2,10,1.2,9.5,1.2459016393442623
3,Stiffness,VibrationIntensity,1.2,10,1.5,12.5,1.639344262295082
3,Stiffness,VibrationPattern,100,10,200,8.0,0.7441860465116279
3,Stiffness,VibrationPattern,100,10,100,11.0,1.0232558139534884
3,Stiffness,VibrationPattern,100,10,150,10.0,0.9302325581395349
3,Stiffness,VibrationPattern,100,10,50,14.0,1.302325581395349
3,Speed,VibrationDuration,300,10,180,3.0,0.3582089552238806
3,Speed,VibrationDuration,300,10,240,6.0,0.7164179104477612
3,Speed,VibrationDuration,300,10,300,10.0,1.1940298507462686
3,Speed,VibrationDuration,300,10,360,14.5,1.7313432835820894
3,Speed,VibrationIntensity,1.2,10,0.6,3.0,0.3582089552238806
3,Speed,VibrationIntensity,1.2,10,0.9,7.0,0.835820895522388
3,Speed,VibrationIntensity,1.2,10,1.2,11.0,1.3134328358208955
3,Speed,VibrationIntensity,1.2,10,1.5,12.5,1.492537313432836
3,Speed,VibrationPattern,100,10,200,10.5,0.7850467289719626
3,Speed,VibrationPattern,100,10,100,12.5,0.9345794392523364
3,Speed,VibrationPattern,100,10,150,12.5,0.9345794392523364
3,Speed,VibrationPattern,100,10,50,18.0,1.3457943925233644
3,Weight,VibrationDuration,300,10,180,4.0,0.4507042253521127
3,Weight,VibrationDuration,300,10,240,6.5,0.7323943661971831
3,Weight,VibrationDuration,300,10,300,10.0,1.1267605633802817
3,Weight,VibrationDuration,300,10,360,15.0,1.6901408450704225
3,Weight,VibrationIntensity,1.2,10,0.6,2.0,0.26229508196721313
3,Weight,VibrationIntensity,1.2,10,0.9,7.0,0.9180327868852459
3,Weight,VibrationIntensity,1.2,10,1.2,10.0,1.3114754098360655
3,Weight,VibrationIntensity,1.2,10,1.5,11.5,1.5081967213114753
3,Weight,VibrationPattern,100,10,200,7.0,0.691358024691358
3,Weight,VibrationPattern,100,10,100,12.0,1.1851851851851851
3,Weight,VibrationPattern,100,10,150,10.0,0.9876543209876543
3,Weight,VibrationPattern,100,10,50,11.5,1.1358024691358024
4,Magnitude,VibrationDuration,300,10,180,8.0,0.8648648648648649
4,Magnitude,VibrationDuration,300,10,240,7.5,0.8108108108108109
4,Magnitude,VibrationDuration,300,10,300,10.0,1.0810810810810811
4,Magnitude,VibrationDuration,300,10,360,11.5,1.2432432432432432
4,Magnitude,VibrationIntensity,1.2,10,0.6,5.5,0.6285714285714286
4,Magnitude,VibrationIntensity,1.2,10,0.9,7.5,0.8571428571428571
4,Magnitude,VibrationIntensity,1.2,10,1.2,10.5,1.2
4,Magnitude,VibrationIntensity,1.2,10,1.5,11.5,1.3142857142857143
4,Magnitude,VibrationPattern,100,10,200,7.5,0.9090909090909091
4,Magnitude,VibrationPattern,100,10,100,8.0,0.9696969696969697
4,Magnitude,VibrationPattern,100,10,150,7.5,0.9090909090909091
4,Magnitude,VibrationPattern,100,10,50,10.0,1.2121212121212122
4,Size,VibrationDuration,300,10,180,6.5,0.7027027027027027
4,Size,VibrationDuration,300,10,240,6.5,0.7027027027027027
4,Size,VibrationDuration,300,10,300,10.5,1.135135135135135
4,Size,VibrationDuration,300,10,360,13.5,1.4594594594594594
4,Size,VibrationIntensity,1.2,10,0.6,5.5,0.6027397260273972
4,Size,VibrationIntensity,1.2,10,0.9,9.5,1.0410958904109588
4,Size,VibrationIntensity,1.2,10,1.2,10.0,1.095890410958904
4,Size,VibrationIntensity,1.2,10,1.5,11.5,1.2602739726027397
4,Size,VibrationPattern,100,10,200,8.0,0.8311688311688312
4,Size,VibrationPattern,100,10,100,11.0,1.1428571428571428
4,Size,VibrationPattern,100,10,150,10.0,1.0389610389610389
4,Size,VibrationPattern,100,10,50,9.5,0.987012987012987
4,Stiffness,VibrationDuration,300,10,180,6.0,0.64
4,Stiffness,VibrationDuration,300,10,240,9.5,1.0133333333333334
4,Stiffness,VibrationDuration,300,10,300,11.5,1.2266666666666666
4,Stiffness,VibrationDuration,300,10,360,10.5,1.12
4,Stiffness,VibrationIntensity,1.2,10,0.6,6.0,0.6486486486486487
4,Stiffness,VibrationIntensity,1.2,10,0.9,8.5,0.918918918918919
4,Stiffness,VibrationIntensity,1.2,10,1.2,10.0,1.0810810810810811
4,Stiffness,VibrationIntensity,1.2,10,1.5,12.5,1.3513513513513513
4,Stiffness,VibrationPattern,100,10,200,7.5,0.8108108108108109
4,Stiffness,VibrationPattern,100,10,100,10.0,1.0810810810810811
4,Stiffness,VibrationPattern,100,10,150,9.0,0.972972972972973
4,Stiffness,VibrationPattern,100,10,50,10.5,1.135135135135135
4,Speed,VibrationDuration,300,10,180,6.0,0.75
4,Speed,VibrationDuration,300,10,240,5.5,0.6875
4,Speed,VibrationDuration,300,10,300,10.0,1.25
4,Speed,VibrationDuration,300,10,360,10.5,1.3125
4,Speed,VibrationIntensity,1.2,10,0.6,6.5,0.7323943661971831
4,Speed,VibrationIntensity,1.2,10,0.9,8.5,0.9577464788732394
4,Speed,VibrationIntensity,1.2,10,1.2,9.5,1.0704225352112675
4,Speed,VibrationIntensity,1.2,10,1.5,11.0,1.2394366197183098
4,Speed,VibrationPattern,100,10,200,7.5,0.7894736842105263
4,Speed,VibrationPattern,100,10,100,10.5,1.105263157894737
4,Speed,VibrationPattern,100,10,150,9.5,1.0
4,Speed,VibrationPattern,100,10,50,10.5,1.105263157894737
4,Weight,VibrationDuration,300,10,180,6.5,0.7123287671232876
4,Weight,VibrationDuration,300,10,240,9.0,0.9863013698630136
4,Weight,VibrationDuration,300,10,300,9.5,1.0410958904109588
4,Weight,VibrationDuration,300,10,360,11.5,1.2602739726027397
4,Weight,VibrationIntensity,1.2,10,0.6,5.5,0.6027397260273972
4,Weight,VibrationIntensity,1.2,10,0.9,8.0,0.8767123287671232
4,Weight,VibrationIntensity,1.2,10,1.2,10.5,1.1506849315068493
4,Weight,VibrationIntensity,1.2,10,1.5,12.5,1.36986301369863
4,Weight,VibrationPattern,100,10,200,8.5,0.8947368421052632
4,Weight,VibrationPattern,100,10,100,10.0,1.0526315789473684
4,Weight,VibrationPattern,100,10,150,8.5,0.8947368421052632
4,Weight,VibrationPattern,100,10,50,11.0,1.1578947368421053
5,Magnitude,VibrationDuration,300,5,180,2.0,0.48484848484848486
5,Magnitude,VibrationDuration,300,5,240,2.5,0.6060606060606061
5,Magnitude,VibrationDuration,300,5,300,5.5,1.3333333333333333
5,Magnitude,VibrationDuration,300,5,360,6.5,1.5757575757575757
5,Magnitude,VibrationIntensity,1.2,5,0.6,2.0,0.43243243243243246
5,Magnitude,VibrationIntensity,1.2,5,0.9,3.5,0.7567567567567568
5,Magnitude,VibrationIntensity,1.2,5,1.2,5.5,1.1891891891891893
5,Magnitude,VibrationIntensity,1.2,5,1.5,7.5,1.6216216216216217
5,Magnitude,VibrationPattern,100,5,200,4.0,0.8
5,Magnitude,VibrationPattern,100,5,100,5.0,1.0
5,Magnitude,VibrationPattern,100,5,150,5.0,1.0
5,Magnitude,VibrationPattern,100,5,50,6.0,1.2
5,Size,VibrationDuration,300,5,180,3.0,0.6666666666666666
5,Size,VibrationDuration,300,5,240,4.0,0.8888888888888888
5,Size,VibrationDuration,300,5,300,5.0,1.1111111111111112
5,Size,VibrationDuration,300,5,360,6.0,1.3333333333333333
5,Size,VibrationIntensity,1.2,5,0.6,2.0,0.4444444444444444
5,Size,VibrationIntensity,1.2,5,0.9,4.0,0.8888888888888888
5,Size,VibrationIntensity,1.2,5,1.2,5.0,1.1111111111111112
5,Size,VibrationIntensity,1.2,5,1.5,7.0,1.5555555555555556
5,Size,VibrationPattern,100,5,200,3.5,0.7567567567567568
5,Size,VibrationPattern,100,5,100,5.0,1.0810810810810811
5,Size,VibrationPattern,100,5,150,5.0,1.0810810810810811
5,Size,VibrationPattern,100,5,50,5.0,1.0810810810810811
5,Stiffness,VibrationDuration,300,5,180,6.5,1.2682926829268293
5,Stiffness,VibrationDuration,300,5,240,6.0,1.170731707317073
5,Stiffness,VibrationDuration,300,5,300,5.0,0.975609756097561
5,Stiffness,VibrationDuration,300,5,360,3.0,0.5853658536585366
5,Stiffness,VibrationIntensity,1.2,5,0.6,2.5,0.5128205128205128
5,Stiffness,VibrationIntensity,1.2,5,0.9,4.0,0.8205128205128205
5,Stiffness,VibrationIntensity,1.2,5,1.2,5.5,1.1282051282051282
5,Stiffness,VibrationIntensity,1.2,5,1.5,7.5,1.5384615384615385
5,Stiffness,VibrationPattern,100,5,200,5.0,0.975609756097561
5,Stiffness,VibrationPattern,100,5,100,5.0,0.975609756097561
5,Stiffness,VibrationPattern,100,5,150,5.0,0.975609756097561
5,Stiffness,VibrationPattern,100,5,50,5.5,1.0731707317073171
5,Speed,VibrationDuration,300,5,180,2.5,0.6451612903225806
5,Speed,VibrationDuration,300,5,240,3.0,0.7741935483870968
5,Speed,VibrationDuration,300,5,300,5.0,1.2903225806451613
5,Speed,VibrationDuration,300,5,360,5.0,1.2903225806451613
5,Speed,VibrationIntensity,1.2,5,0.6,2.0,0.47058823529411764
5,Speed,VibrationIntensity,1.2,5,0.9,3.5,0.8235294117647058
5,Speed,VibrationIntensity,1.2,5,1.2,4.5,1.0588235294117647
5,Speed,VibrationIntensity,1.2,5,1.5,7.0,1.6470588235294117
5,Speed,VibrationPattern,100,5,200,3.5,0.7567567567567568
5,Speed,VibrationPattern,100,5,100,5.0,1.0810810810810811
5,Speed,VibrationPattern,100,5,150,5.0,1.0810810810810811
5,Speed,VibrationPattern,100,5,50,5.0,1.0810810810810811
5,Weight,VibrationDuration,300,5,180,2.0,0.48484848484848486
5,Weight,VibrationDuration,300,5,240,3.5,0.8484848484848485
5,Weight,VibrationDuration,300,5,300,5.0,1.2121212121212122
5,Weight,VibrationDuration,300,5,360,6.0,1.4545454545454546
5,Weight,VibrationIntensity,1.2,5,0.6,2.0,0.47058823529411764
5,Weight,VibrationIntensity,1.2,5,0.9,3.0,0.7058823529411765
5,Weight,VibrationIntensity,1.2,5,1.2,5.0,1.1764705882352942
5,Weight,VibrationIntensity,1.2,5,1.5,7.0,1.6470588235294117
5,Weight,VibrationPattern,100,5,200,4.0,0.8648648648648649
5,Weight,VibrationPattern,100,5,100,5.0,1.0810810810810811
5,Weight,VibrationPattern,100,5,150,4.5,0.972972972972973
5,Weight,VibrationPattern,100,5,50,5.0,1.0810810810810811
6,Magnitude,VibrationDuration,300,100,180,37.5,0.6593406593406593
6,Magnitude,VibrationDuration,300,100,240,65.0,1.1428571428571428
6,Magnitude,VibrationDuration,300,100,300,75.0,1.3186813186813187
6,Magnitude,VibrationDuration,300,100,360,50.0,0.8791208791208791
6,Magnitude,VibrationIntensity,1.2,60,0.6,12.5,0.3508771929824561
6,Magnitude,VibrationIntensity,1.2,60,0.9,20.0,0.5614035087719298
6,Magnitude,VibrationIntensity,1.2,60,1.2,50.0,1.4035087719298245
6,Magnitude,VibrationIntensity,1.2,60,1.5,60.0,1.6842105263157894
6,Magnitude,VibrationPattern,100,60,200,50.0,0.8695652173913043
6,Magnitude,VibrationPattern,100,60,100,60.0,1.0434782608695652
6,Magnitude,VibrationPattern,100,60,150,55.0,0.9565217391304348
6,Magnitude,VibrationPattern,100,60,50,65.0,1.1304347826086956
6,Size,VibrationDuration,300,100,180,30.0,0.38095238095238093
6,Size,VibrationDuration,300,100,240,90.0,1.1428571428571428
6,Size,VibrationDuration,300,100,300,95.0,1.2063492063492063
6,Size,VibrationDuration,300,100,360,100.0,1.2698412698412698
6,Size,VibrationIntensity,1.2,60,0.6,7.5,0.19047619047619047
6,Size,VibrationIntensity,1.2,60,0.9,25.0,0.6349206349206349
6,Size,VibrationIntensity,1.2,60,1.2,60.0,1.5238095238095237
6,Size,VibrationIntensity,1.2,60,1.5,65.0,1.6507936507936507
6,Size,VibrationPattern,100,60,200,57.5,0.9484536082474226
6,Size,VibrationPattern,100,60,100,60.0,0.9896907216494846
6,Size,VibrationPattern,100,60,150,60.0,0.9896907216494846
6,Size,VibrationPattern,100,60,50,65.0,1.0721649484536082
6,Stiffness,VibrationDuration,300,100,180,35.0,0.5384615384615384
6,Stiffness,VibrationDuration,300,100,240,35.0,0.5384615384615384
6,Stiffness,VibrationDuration,300,100,300,95.0,1.4615384615384615
6,Stiffness,VibrationDuration,300,100,360,95.0,1.4615384615384615
6,Stiffness,VibrationIntensity,1.2,60,0.6,32.5,0.6265060240963856
6,Stiffness,VibrationIntensity,1.2,60,0.9,50.0,0.963855421686747
6,Stiffness,VibrationIntensity,1.2,60,1.2,60.0,1.1566265060240963
6,Stiffness,VibrationIntensity,1.2,60,1.5,65.0,1.2530120481927711
6,Stiffness,VibrationPattern,100,60,200,50.0,0.8695652173913043
6,Stiffness,VibrationPattern,100,60,100,60.0,1.0434782608695652
6,Stiffness,VibrationPattern,100,60,150,60.0,1.0434782608695652
6,Stiffness,VibrationPattern,100,60,50,60.0,1.0434782608695652
6,Speed,VibrationDuration,300,100,180,95.0,0.9620253164556962
6,Speed,VibrationDuration,300,100,240,95.0,0.9620253164556962
6,Speed,VibrationDuration,300,100,300,105.0,1.0632911392405062
6,Speed,VibrationDuration,300,100,360,100.0,1.0126582278481013
6,Speed,VibrationIntensity,1.2,60,0.6,5.0,0.13333333333333333
6,Speed,VibrationIntensity,1.2,60,0.9,25.0,0.6666666666666666
6,Speed,VibrationIntensity,1.2,60,1.2,60.0,1.6
6,Speed,VibrationIntensity,1.2,60,1.5,60.0,1.6
6,Speed,VibrationPattern,100,60,200,50.0,0.8695652173913043
6,Speed,VibrationPattern,100,60,100,60.0,1.0434782608695652
6,Speed,VibrationPattern,100,60,150,60.0,1.0434782608695652
6,Speed,VibrationPattern,100,60,50,60.0,1.0434782608695652
6,Weight,VibrationDuration,300,100,180,60.0,0.6857142857142857
6,Weight,VibrationDuration,300,100,240,100.0,1.1428571428571428
6,Weight,VibrationDuration,300,100,300,100.0,1.1428571428571428
6,Weight,VibrationDuration,300,100,360,90.0,1.0285714285714285
6,Weight,VibrationIntensity,1.2,60,0.6,60.0,1.0
6,Weight,VibrationIntensity,1.2,60,0.9,60.0,1.0
6,Weight,VibrationIntensity,1.2,60,1.2,60.0,1.0
6,Weight,VibrationIntensity,1.2,60,1.5,60.0,1.0
6,Weight,VibrationPattern,100,60,200,40.0,0.7441860465116279
6,Weight,VibrationPattern,100,60,100,60.0,1.1162790697674418
6,Weight,VibrationPattern,100,60,150,55.0,1.0232558139534884
6,Weight,VibrationPattern,100,60,50,60.0,1.1162790697674418
7,Magnitude,VibrationDuration,300,100,180,45.0,0.5454545454545454
7,Magnitude,VibrationDuration,300,100,240,75.0,0.9090909090909091
7,Magnitude,VibrationDuration,300,100,300,95.0,1.1515151515151516
7,Magnitude,VibrationDuration,300,100,360,115.0,1.393939393939394
7,Magnitude,VibrationIntensity,1.2,100,0.6,40.0,0.5079365079365079
7,Magnitude,VibrationIntensity,1.2,100,0.9,62.5,0.7936507936507936
7,Magnitude,VibrationIntensity,1.2,100,1.2,100.0,1.2698412698412698
7,Magnitude,VibrationIntensity,1.2,100,1.5,112.5,1.4285714285714286
7,Magnitude,VibrationPattern,100,100,200,95.0,0.9806451612903225
7,Magnitude,VibrationPattern,100,100,100,102.5,1.0580645161290323
7,Magnitude,VibrationPattern,100,100,150,80.0,0.8258064516129032
7,Magnitude,VibrationPattern,100,100,50,110.0,1.135483870967742
7,Size,VibrationDuration,300,100,180,20.0,0.2857142857142857
7,Size,VibrationDuration,300,100,240,50.0,0.7142857142857143
7,Size,VibrationDuration,300,100,300,100.0,1.4285714285714286
7,Size,VibrationDuration,300,100,360,110.0,1.5714285714285714
7,Size,VibrationIntensity,1.2,100,0.6,20.0,0.2782608695652174
7,Size,VibrationIntensity,1.2,100,0.9,57.5,0.8
7,Size,VibrationIntensity,1.2,100,1.2,95.0,1.3217391304347825
7,Size,VibrationIntensity,1.2,100,1.5,115.0,1.6
7,Size,VibrationPattern,100,100,200,70.0,0.7387862796833773
7,Size,VibrationPattern,100,100,100,104.0,1.0976253298153034
7,Size,VibrationPattern,100,100,150,95.0,1.0026385224274406
7,Size,VibrationPattern,100,100,50,110.0,1.1609498680738786
7,Stiffness,VibrationDuration,300,100,180,165.0,1.346938775510204
7,Stiffness,VibrationDuration,300,100,240,135.0,1.1020408163265305
7,Stiffness,VibrationDuration,300,100,300,90.0,0.7346938775510204
7,Stiffness,VibrationDuration,300,100,360,100.0,0.8163265306122449
7,Stiffness,VibrationIntensity,1.2,100,0.6,25.0,0.3448275862068966
7,Stiffness,VibrationIntensity,1.2,100,0.9,60.0,0.8275862068965517
7,Stiffness,VibrationIntensity,1.2,100,1.2,95.0,1.3103448275862069
7,Stiffness,VibrationIntensity,1.2,100,1.5,110.0,1.5172413793103448
7,Stiffness,VibrationPattern,100,100,200,75.0,0.7894736842105263
7,Stiffness,VibrationPattern,100,100,100,100.0,1.0526315789473684
7,Stiffness,VibrationPattern,100,100,150,105.0,1.105263157894737
7,Stiffness,VibrationPattern,100,100,50,100.0,1.0526315789473684
7,Speed,VibrationDuration,300,100,180,175.0,1.5053763440860215
7,Speed,VibrationDuration,300,100,240,80.0,0.6881720430107527
7,Speed,VibrationDuration,300,100,300,100.0,0.8602150537634409
7,Speed,VibrationDuration,300,100,360,110.0,0.946236559139785
7,Speed,VibrationIntensity,1.2,100,0.6,25.0,0.3389830508474576
7,Speed,VibrationIntensity,1.2,100,0.9,65.0,0.8813559322033898
7,Speed,VibrationIntensity,1.2,100,1.2,90.0,1.2203389830508475
7,Speed,VibrationIntensity,1.2,100,1.5,115.0,1.5593220338983051
7,Speed,VibrationPattern,100,100,200,115.0,1.1358024691358024
7,Speed,VibrationPattern,100,100,100,90.0,0.8888888888888888
7,Speed,VibrationPattern,100,100,150,100.0,0.9876543209876543
7,Speed,VibrationPattern,100,100,50,100.0,0.9876543209876543
7,Weight,VibrationDuration,300,100,180,80.0,0.7901234567901234
7,Weight,VibrationDuration,300,100,240,130.0,1.2839506172839505
7,Weight,VibrationDuration,300,100,300,90.0,0.8888888888888888
7,Weight,VibrationDuration,300,100,360,105.0,1.037037037037037
7,Weight,VibrationIntensity,1.2,100,0.6,25.0,0.28169014084507044
7,Weight,VibrationIntensity,1.2,100,0.9,90.0,1.0140845070422535
7,Weight,VibrationIntensity,1.2,100,1.2,105.0,1.1830985915492958
7,Weight,VibrationIntensity,1.2,100,1.5,135.0,1.5211267605633803
7,Weight,VibrationPattern,100,100,200,85.0,0.8774193548387097
7,Weight,VibrationPattern,100,100,100,112.5,1.1612903225806452
7,Weight,VibrationPattern,100,100,150,90.0,0.9290322580645162
7,Weight,VibrationPattern,100,100,50,100.0,1.032258064516129
8,Magnitude,VibrationDuration,300,20,180,14.5,0.7945205479452054
8,Magnitude,VibrationDuration,300,20,240,20.0,1.095890410958904
8,Magnitude,VibrationDuration,300,20,300,17.5,0.958904109589041
8,Magnitude,VibrationDuration,300,20,360,21.0,1.1506849315068493
8,Magnitude,VibrationIntensity,1.2,20,0.6,10.0,0.5970149253731343
8,Magnitude,VibrationIntensity,1.2,20,0.9,18.5,1.1044776119402986
8,Magnitude,VibrationIntensity,1.2,20,1.2,22.5,1.3432835820895523
8,Magnitude,VibrationIntensity,1.2,20,1.5,16.0,0.9552238805970149
8,Magnitude,VibrationPattern,100,20,200,17.0,0.9006622516556292
8,Magnitude,VibrationPattern,100,20,100,17.5,0.9271523178807947
8,Magnitude,VibrationPattern,100,20,150,20.0,1.0596026490066226
8,Magnitude,VibrationPattern,100,20,50,21.0,1.1125827814569536
8,Size,VibrationDuration,300,20,180,10.0,0.625
8,Size,VibrationDuration,300,20,240,13.0,0.8125
8,Size,VibrationDuration,300,20,300,18.5,1.15625
8,Size,VibrationDuration,300,20,360,22.5,1.40625
8,Size,VibrationIntensity,1.2,20,0.6,12.5,0.6622516556291391
8,Size,VibrationIntensity,1.2,20,0.9,20.0,1.0596026490066226
8,Size,VibrationIntensity,1.2,20,1.2,21.0,1.1125827814569536
8,Size,VibrationIntensity,1.2,20,1.5,22.0,1.1655629139072847
8,Size,VibrationPattern,100,20,200,17.5,0.9655172413793104
8,Size,VibrationPattern,100,20,100,16.5,0.9103448275862069
8,Size,VibrationPattern,100,20,150,18.5,1.0206896551724138
8,Size,VibrationPattern,100,20,50,20.0,1.103448275862069
8,Stiffness,VibrationDuration,300,20,180,10.0,0.64
8,Stiffness,VibrationDuration,300,20,240,14.0,0.896
8,Stiffness,VibrationDuration,300,20,300,17.5,1.12
8,Stiffness,VibrationDuration,300,20,360,21.0,1.344
8,Stiffness,VibrationIntensity,1.2,20,0.6,11.0,0.6111111111111112
8,Stiffness,VibrationIntensity,1.2,20,0.9,16.5,0.9166666666666666
8,Stiffness,VibrationIntensity,1.2,20,1.2,22.0,1.2222222222222223
8,Stiffness,VibrationIntensity,1.2,20,1.5,22.5,1.25
8,Stiffness,VibrationPattern,100,20,200,13.5,0.782608695652174
8,Stiffness,VibrationPattern,100,20,100,20.0,1.1594202898550725
8,Stiffness,VibrationPattern,100,20,150,16.5,0.9565217391304348
8,Stiffness,VibrationPattern,100,20,50,19.0,1.1014492753623188
8,Speed,VibrationDuration,300,20,180,11.0,0.7272727272727273
8,Speed,VibrationDuration,300,20,240,14.0,0.9256198347107438
8,Speed,VibrationDuration,300,20,300,15.5,1.024793388429752
8,Speed,VibrationDuration,300,20,360,20.0,1.322314049586777
8,Speed,VibrationIntensity,1.2,20,0.6,12.5,0.7194244604316546
8,Speed,VibrationIntensity,1.2,20,0.9,18.5,1.064748201438849
8,Speed,VibrationIntensity,1.2,20,1.2,18.0,1.0359712230215827
8,Speed,VibrationIntensity,1.2,20,1.5,20.5,1.1798561151079137
8,Speed,VibrationPattern,100,20,200,15.5,0.8266666666666667
8,Speed,VibrationPattern,100,20,100,22.5,1.2
8,Speed,VibrationPattern,100,20,150,17.0,0.9066666666666666
8,Speed,VibrationPattern,100,20,50,20.0,1.0666666666666667
8,Weight,VibrationDuration,300,20,180,10.0,0.6201550387596899
8,Weight,VibrationDuration,300,20,240,12.5,0.7751937984496124
8,Weight,VibrationDuration,300,20,300,20.0,1.2403100775193798
8,Weight,VibrationDuration,300,20,360,22.0,1.3643410852713178
8,Weight,VibrationIntensity,1.2,20,0.6,9.0,0.5294117647058824
8,Weight,VibrationIntensity,1.2,20,0.9,15.5,0.9117647058823529
8,Weight,VibrationIntensity,1.2,20,1.2,21.0,1.2352941176470589
8,Weight,VibrationIntensity,1.2,20,1.5,22.5,1.3235294117647058
8,Weight,VibrationPattern,100,20,200,14.0,0.8235294117647058
8,Weight,VibrationPattern,100,20,100,20.0,1.1764705882352942
8,Weight,VibrationPattern,100,20,150,14.0,0.8235294117647058
8,Weight,VibrationPattern,100,20,50,20.0,1.1764705882352942
9,Magnitude,VibrationDuration,300,10,180,9.0,0.972972972972973
9,Magnitude,VibrationDuration,300,10,240,8.25,0.8918918918918919
9,Magnitude,VibrationDuration,300,10,300,10.0,1.0810810810810811
9,Magnitude,VibrationDuration,300,10,360,9.75,1.054054054054054
9,Magnitude,VibrationIntensity,1.2,10,0.6,4.0,0.5245901639344263
9,Magnitude,VibrationIntensity,1.2,10,0.9,6.5,0.8524590163934426
9,Magnitude,VibrationIntensity,1.2,10,1.2,10.0,1.3114754098360655
9,Magnitude,VibrationIntensity,1.2,10,1.5,10.0,1.3114754098360655
9,Magnitude,VibrationPattern,100,10,200,9.0,0.9230769230769231
9,Magnitude,VibrationPattern,100,10,100,10.0,1.0256410256410255
9,Magnitude,VibrationPattern,100,10,150,10.0,1.0256410256410255
9,Magnitude,VibrationPattern,100,10,50,10.0,1.0256410256410255
9,Size,VibrationDuration,300,10,180,3.5,0.42424242424242425
9,Size,VibrationDuration,300,10,240,9.0,1.0909090909090908
9,Size,VibrationDuration,300,10,300,10.0,1.2121212121212122
9,Size,VibrationDuration,300,10,360,10.5,1.2727272727272727
9,Size,VibrationIntensity,1.2,10,0.6,2.5,0.37037037037037035
9,Size,VibrationIntensity,1.2,10,0.9,4.5,0.6666666666666666
9,Size,VibrationIntensity,1.2,10,1.2,9.75,1.4444444444444444
9,Size,VibrationIntensity,1.2,10,1.5,10.25,1.5185185185185186
9,Size,VibrationPattern,100,10,200,9.25,0.9548387096774194
9,Size,VibrationPattern,100,10,100,10.0,1.032258064516129
9,Size,VibrationPattern,100,10,150,9.5,0.9806451612903225
9,Size,VibrationPattern,100,10,50,10.0,1.032258064516129
9,Stiffness,VibrationDuration,300,10,180,13.5,1.2134831460674158
9,Stiffness,VibrationDuration,300,10,240,12.0,1.0786516853932584
9,Stiffness,VibrationDuration,300,10,300,10.0,0.898876404494382
9,Stiffness,VibrationDuration,300,10,360,9.0,0.8089887640449438
9,Stiffness,VibrationIntensity,1.2,10,0.6,3.5,0.4117647058823529
9,Stiffness,VibrationIntensity,1.2,10,0.9,9.0,1.0588235294117647
9,Stiffness,VibrationIntensity,1.2,10,1.2,10.0,1.1764705882352942
9,Stiffness,VibrationIntensity,1.2,10,1.5,11.5,1.3529411764705883
9,Stiffness,VibrationPattern,100,10,200,9.75,0.9811320754716981
9,Stiffness,VibrationPattern,100,10,100,10.25,1.0314465408805031
9,Stiffness,VibrationPattern,100,10,150,9.5,0.9559748427672956
9,Stiffness,VibrationPattern,100,10,50,10.25,1.0314465408805031
9,Speed,VibrationDuration,300,10,180,15.0,1.3636363636363635
9,Speed,VibrationDuration,300,10,240,11.5,1.0454545454545454
9,Speed,VibrationDuration,300,10,300,10.0,0.9090909090909091
9,Speed,VibrationDuration,300,10,360,7.5,0.6818181818181818
9,Speed,VibrationIntensity,1.2,10,0.6,10.0,0.9876543209876543
9,Speed,VibrationIntensity,1.2,10,0.9,9.5,0.9382716049382716
9,Speed,VibrationIntensity,1.2,10,1.2,10.0,0.9876543209876543
9,Speed,VibrationIntensity,1.2,10,1.5,11.0,1.0864197530864197
9,Speed,VibrationPattern,100,10,200,10.0,0.9876543209876543
9,Speed,VibrationPattern,100,10,100,10.0,0.9876543209876543
9,Speed,VibrationPattern,100,10,150,10.0,0.9876543209876543
9,Speed,VibrationPattern,100,10,50,10.5,1.037037037037037
9,Weight,VibrationDuration,300,10,180,3.5,0.448
9,Weight,VibrationDuration,300,10,240,7.5,0.96
9,Weight,VibrationDuration,300,10,300,10.0,1.28
9,Weight,VibrationDuration,300,10,360,10.25,1.312
9,Weight,VibrationIntensity,1.2,10,0.6,2.5,0.3125
9,Weight,VibrationIntensity,1.2,10,0.9,8.5,1.0625
9,Weight,VibrationIntensity,1.2,10,1.2,9.5,1.1875
9,Weight,VibrationIntensity,1.2,10,1.5,11.5,1.4375
9,Weight,VibrationPattern,100,10,200,8.5,0.8774193548387097
9,Weight,VibrationPattern,100,10,100,10.0,1.032258064516129
9,Weight,VibrationPattern,100,10,150,10.0,1.032258064516129
9,Weight,VibrationPattern,100,10,50,10.25,1.0580645161290323
